Variables,Indicator1,Indicator2,Indicator3,Indicator4
Indicator1 ,0.5585667,0.367816092,0.608692444,0.846610956
Indicator2,0.72685539,0.688888889,0.657666734,0.791258821
Indicator3,0.72685539,0.849673203,0.713567839,0.66211509
Indicator4,0.7106548,0.694367498,0.480643195,0.46685193